Num 1,Num 2,Add,Sub,Mul,Divide
0.930300683,0.325150747,1.25545143,0.605149936,0.302487962,2
0.764563174,0.393565328,1.158128502,0.370997847,0.300905556,1
0.820951765,0.398983774,1.219935539,0.421967991,0.327546433,2
0.621790888,0.628723907,1.250514795,-0.006933019,0.390934797,0
0.811894189,0.175468822,0.987363011,0.636425367,0.142462117,4
