val_1,val_2,add,sub,mul,div
0.694994799,0.280433931,0.97542873,0.414560869,0.194900123,2
0.218387487,0.390398939,0.608786425,-0.172011452,0.085258243,0
0.551904973,0.870395057,1.42230003,-0.318490084,0.480375361,0
0.762769826,0.150047818,0.912817644,0.612722008,0.114451948,5
0.916193831,0.505782483,1.421976314,0.410411347,0.463394791,1
