Num1,Num2,Operation
0.106684871,0.845349724,0.952034595
0.683760439,0.880002653,0.601711
0.773279134,0.765583409,1.538862543
0.841418618,0.021991551,0.863410169
0.728130246,0.099352958,0.827483204
0.154794848,0.85703677,1.011831618
0.135653895,0.347052061,0.482705956
0.738974951,0.580943479,1.31991843
